{
  "Ekar": 38420.0,
  "Ifagoxi": 763464.7128985514,
  "Afaki": 236600.0,
  "Ytidad": 431273.0,
  "Benuduq": 34671.0,
  "Ecapi": 465295.45617907785,
  "Uqaweni": 18368.0,
  "Exujeku": 64778.0,
  "Odaxo": 62482.0,
  "Gifaj": 346500.82295037387,
  "Hevep": 621266.0,
  "Ajopem": 577563.0,
  "Acapak": 272407.0,
  "Qocivy": 133372.0,
  "Awihuby": 52718.0,
  "Gycof": 28961.191258427865,
  "Esyga": 160399.2231444053,
  "Ypeqic": 529545.6390697414,
  "Ykafaj": 669276.0,
  "Capoz": 86969.0,
  "Cuga": 601739.0,
  "Seviz": 6012.0,
  "Ohak": 6438.497608868274,
  "Picu": 421722.4986429375,
  "Furen": 4027.0,
  "Afiky": 281298.0,
  "Xeqocaj": 38104.27228891754,
  "Luqi": 154203.0,
  "Ilun": 84625.41510105283,
  "Iduxuvu": 610686.0,
  "Acaxen": 381164.0,
  "Iheger": 81415.0,
  "Leruqan": 736767.3699055027,
  "Ales": 217070.14438597023,
  "Ujixux": 819940.5725375705,
  "Dilez": 449166.1930364738,
  "Odanaci": 19740.0,
  "Ybosapa": 258546.0,
  "Ygyci": 126013.55254804304,
  "Vimik": 154810.0,
  "Laqyquc": 191589.0,
  "Buwy": 63156.81621396147,
  "Esuxec": 452066.6936309841,
  "Ikygi": 221667.0,
  "Esexofu": 650024.0,
  "Axivy": 312893.0,
  "Avoboti": 221656.0,
  "Ebowac": 18416.15445271242,
  "Asaq": 332356.0,
  "Nyta": 85675.0,
  "Qilybij": 183014.0,
  "Remujaf": 81181.0,
  "Zubici": 297985.6322707059,
  "Okube": 44055.86233692225,
  "Urynibi": 149441.7808228159,
  "Pibevuk": 222917.47912321592,
  "Adogat": 61964.0,
  "Aketigi": 231735.8894056445,
  "Ejyzib": 170692.0,
  "Anyqila": 64518.0,
  "Dyryr": 599321.2882160058,
  "Uxyvej": 523315.0,
  "Qeqyji": 6334.0,
  "Jyrocy": 83313.0380614476,
  "Evyxupa": 31073.630028105243,
  "Wawobo": 101379.57534215276,
  "Logypyj": 774683.1618328423,
  "Ejir": 201601.2664961785,
  "Uryxiwi": 257537.0,
  "Girar": 291385.0,
  "Lukuxi": 20093.46103673081,
  "Ufak": 277947.0,
  "Bepyrez": 620443.0,
  "Owit": 406820.0,
  "Gezajyd": 21942.15935214976,
  "Ucir": 245705.0,
  "Ozyw": 37495.69982164052,
  "Ywopyc": 227948.0,
  "Lilip": 176311.0,
  "Ukekyci": 24592.0,
  "Ferav": 157028.11997952685,
  "Kamoh": 616912.1310044407,
  "Yfoqiv": 231735.013791717,
  "Bycim": 312466.33932692884,
  "Janim": 387007.3245147443,
  "Ojob": 537483.0,
  "Odalu": 81062.17247551131,
  "Cohaciw": 157396.58596925568,
  "Icehypu": 551069.5207893832,
  "Anapez": 155883.0,
  "Aqamis": 19488.0,
  "Ibaza": 753927.4926002519,
  "Itapaf": 110507.16154209603,
  "Ubix": 371587.74405563803,
  "Uvagi": 474120.0,
  "Ulas": 618969.0,
  "Ufepu": 89715.0,
  "Paroziq": 808970.0,
  "Ugyfod": 50294.91808870887,
  "Egujyb": 222078.0,
  "Duwo": 39817.91472462275,
  "Ehyxeg": 191244.2875003777,
  "Anelu": 367084.0,
  "Ypikaq": 466647.0,
  "Edazol": 22055.0,
  "Utiled": 844710.0,
  "Muput": 419705.20469259814,
  "Melokyb": 48460.28883144481,
  "Qebyhi": 263928.8407486951,
  "Mabehox": 599799.5070767312,
  "Qatu": 638613.3963822725,
  "Opomucy": 329008.0459444433,
  "Ulypyc": 639211.0,
  "Cazagi": 127337.18465398026,
  "Libi": 422424.5405683593,
  "Dulokid": 309716.0,
  "Yfyhyzu": 465706.7654267303,
  "Enufegi": 297132.0,
  "Palakup": 471988.34914801025,
  "Aquj": 708673.6189419325,
  "Jogine": 279771.0,
  "Kajymef": 586513.2693844036,
  "Yxifose": 382768.2459342622,
  "Pema": 22516.0,
  "Ozoxes": 449901.0,
  "Edyvo": 18751.534509289464,
  "Otaneda": 160813.39874840312,
  "Ujadyhu": 130529.0
}